Position,File,Name,Title,Company,Quote,Status,Line_Reference,Image_Asset,Avatar,Rating,Industry
1,flow.html,Michael Chen,Managing Partner,Chen & Associates Law,"We were drowning in 30+ hours of scheduling chaos every week. Flow and the Exo team built us an AI system that handles everything—client intake, appointment booking, follow-ups. We got 25 hours back in the first month. Absolute Game-changer.",Complete,3165-3182,N/A,MC,5.0,Legal Services
2,flow.html,Sofia R. Martinez,Owner,Verde Kitchen,"Phone orders during dinner rush were killing us. From missed calls, wrong orders, stressed staff. Their AI voice system handles orders flawlessly, even during our busiest nights. Revenue up 18% in 60 days.",Complete,3221-3240,N/A,SM,5.0,Food & Beverage
3,flow.html,David Lombardi,VP of Operations,Precision Components Trust Co.,"We needed to scale without adding headcount. Flow OS automated our entire inventory and supplier workflow. Saved us $180K annually and eliminated the need for extra new hires. They delivered in 12 days.",Complete,3279-3295,N/A,DP,5.0,Manufacturing
4,flow.html,Leonardo Marino,Managing Partner,[NOT SPECIFIED - Legal/Professional Services],"We're competing with big firms now—without the overhead. Exo gave us our lives back while growing revenue.",INCOMPLETE - Missing Company,3467-3480,N/A,LM,N/A,Legal Services
5,flow.html,Marcus Rivera,Director of Operations,[Aerospace/Manufacturing - 85 employees, $12M revenue],"You guys didn't just save us money—but made us way more competitive. We're winning contracts against bigger players.",INCOMPLETE - Missing Company Name,3617-3632,N/A,MR,N/A,Manufacturing
6,index.html,Tom Sullivan,Agency Lead,[NOT SPECIFIED],"We saved on hosting and boosted conversions just by running Flow. The Exo AI Team and insights are incredible.",INCOMPLETE - Missing Company,1220-1227,exo-feedback-6.jpeg,N/A,N/A,Agency/Creative
7,index.html,Michael Chen,CTO,TechFlow,"Switching to Exo was a game-changer. Our deployment time dropped from hours to seconds, and the developer experience is incredible.",DUPLICATE NAME - Different Company,1297-1306,jenn-testimonial.jpeg,N/A,N/A,Technology
8,index.html,Sarah Johnson,VP,Growth Labs,"The onboarding process was seamless. Within days, our entire team was productive. The support team is incredibly responsive.",Complete,1313-1322,client-nate.jpg,N/A,N/A,Growth/Analytics
9,index.html,Emily Roberts,Lead Engineer,DataSync,"The automatic scaling and zero-config SSL saved us countless hours. Our team can now focus on building features instead of managing infrastructure.",Complete,1333-1343,client-nate.jpg,N/A,N/A,Technology
10,index.html,Marcus Chen,CFO,Scale Corp,"ROI was immediate. We cut our operational costs by 40% in the first quarter. Best investment we've made this year.",Complete,1350-1359,exo-feedback-13.jpeg,N/A,N/A,Financial Services
11,index.html,David Park,Creative Director,Studio X,"We migrated 50+ client projects to Exo. The performance improvements were immediate, and our clients noticed the difference right away.",Complete,1370-1380,exo-feedback-13.jpeg,N/A,N/A,Agency/Creative
12,index.html,Lisa Wong,Founder,InsightCo,"The AI-powered insights have transformed how we make decisions. We're now data-driven in ways we never thought possible.",Complete,1387-1396,jenn-testimonial.jpeg,N/A,N/A,Data Analytics/Insights

---CLIENT LOGOS (flow.html lines 1141-1189 & duplicated 1209-1257)---
,flow.html,N/A,N/A,Chen Firm,Logo Display,VERIFY,1141-1142,./logos/testimonial-logos/Chen-firm.JPG,N/A,N/A,Unknown
,flow.html,N/A,N/A,Nexora,Logo Display,VERIFY,1149-1150,./logos/testimonial-logos/Nexora-logo.jpeg,N/A,N/A,Unknown
,flow.html,N/A,N/A,Alponze,Logo Display,VERIFY,1157-1158,./logos/testimonial-logos/alponze-LTD.jpeg,N/A,N/A,Unknown
,flow.html,N/A,N/A,Basel,Logo Display,VERIFY,1165-1166,./logos/testimonial-logos/basel-team.jpeg,N/A,N/A,Unknown
,flow.html,N/A,N/A,BYNB,Logo Display,VERIFY,1173-1174,./logos/testimonial-logos/bynb-team.jpeg,N/A,N/A,Unknown
,flow.html,N/A,N/A,TamTam,Logo Display,VERIFY,1181-1182,./logos/testimonial-logos/tamtam-logo.jpeg,N/A,N/A,Unknown
,flow.html,N/A,N/A,Vertex,Logo Display,VERIFY,1189-1190,./logos/testimonial-logos/vertex-team.jpeg,N/A,N/A,Unknown
,flow.html,N/A,N/A,Tinian Resort,Logo Display (Text),VERIFY,1197-1199,N/A,N/A,N/A,Hospitality
,flow.html,N/A,N/A,Global Scale,Logo Display (Text),VERIFY,1265-1266,N/A,N/A,N/A,Unknown

---KEY ISSUES---
DUPLICATE NAME: Michael Chen appears in flow.html (Managing Partner, Chen & Associates Law) AND index.html (CTO, TechFlow) - VERIFY IF SAME PERSON
IMAGE REUSE: jenn-testimonial.jpeg used 2x, client-nate.jpg used 2x, exo-feedback-13.jpeg used 2x - CONSIDER UNIQUE IMAGES
MISSING INFO: Tom Sullivan, Leonardo Marino, Marcus Rivera missing company names - NEED TO ADD
CLIENT LOGOS: 9 logos displayed - VERIFY ALL ARE AUTHORIZED/REAL CLIENTS
AUTHORIZATION: All testimonials need VERIFICATION OF ACCURACY AND WRITTEN AUTHORIZATION
